datetime,open,high,low,close,volume
2025-01-21 00:00:00,1.04209,1.04345,1.03515,1.03627,11139
2025-01-21 01:00:00,1.03593,1.03974,1.03549,1.03696,13165
2025-01-21 02:00:00,1.03701,1.03903,1.0368,1.03877,8365
2025-01-21 03:00:00,1.03875,1.04006,1.03849,1.03875,7242
2025-01-21 04:00:00,1.03872,1.0399,1.0384,1.03897,5181
2025-01-21 05:00:00,1.03896,1.03922,1.03772,1.03788,4743
2025-01-21 06:00:00,1.03788,1.0382,1.0366,1.03691,6401
2025-01-21 07:00:00,1.03685,1.03861,1.0363,1.03733,8731
2025-01-21 08:00:00,1.03721,1.0373,1.035,1.03609,10302
2025-01-21 09:00:00,1.03606,1.0364,1.0341,1.03533,10853
2025-01-21 10:00:00,1.03525,1.03595,1.0342,1.03531,9628
2025-01-21 11:00:00,1.0353,1.0358,1.0341,1.03534,8595
2025-01-21 12:00:00,1.03531,1.03581,1.0344,1.03541,10245
2025-01-21 13:00:00,1.03541,1.0379,1.0352,1.03775,11374
2025-01-21 14:00:00,1.03778,1.03982,1.03719,1.03884,13921
2025-01-21 15:00:00,1.03866,1.04106,1.03785,1.04003,14901
2025-01-21 16:00:00,1.04001,1.0423,1.0398,1.04227,11850
2025-01-21 17:00:00,1.04226,1.04298,1.042,1.042,9077
2025-01-21 18:00:00,1.04211,1.04353,1.0419,1.04284,7129
2025-01-21 19:00:00,1.04289,1.04305,1.0414,1.04177,6977
2025-01-21 20:00:00,1.04177,1.0422,1.0415,1.04201,5672
2025-01-21 21:00:00,1.04194,1.043,1.04123,1.0428,2969
2025-01-21 22:00:00,1.0428,1.0435,1.04111,1.0426,1846
2025-01-21 23:00:00,1.04266,1.04273,1.03917,1.04052,7193
2025-01-22 00:00:00,1.04056,1.0425,1.04056,1.04231,5856
2025-01-22 01:00:00,1.04228,1.04232,1.0406,1.04094,6111
2025-01-22 02:00:00,1.04095,1.04163,1.0405,1.04137,5556
2025-01-22 03:00:00,1.04137,1.04157,1.0409,1.04117,4121
2025-01-22 04:00:00,1.04118,1.04212,1.041,1.04172,3532
2025-01-22 05:00:00,1.04171,1.04179,1.04079,1.04155,4411
2025-01-22 06:00:00,1.04153,1.04186,1.0399,1.04036,6532
2025-01-22 07:00:00,1.04038,1.042,1.0402,1.04113,8299
2025-01-22 08:00:00,1.04116,1.0425,1.0408,1.0423,11173
2025-01-22 09:00:00,1.04229,1.04473,1.0418,1.04468,11049
2025-01-22 10:00:00,1.04465,1.04572,1.0442,1.04498,9692
2025-01-22 11:00:00,1.04492,1.04563,1.0439,1.0443,7697
2025-01-22 12:00:00,1.04426,1.0443,1.043,1.04379,8299
2025-01-22 13:00:00,1.04379,1.0446,1.0422,1.04312,10431
2025-01-22 14:00:00,1.04309,1.0432,1.0413,1.0423,12448
2025-01-22 15:00:00,1.04246,1.0425,1.0413,1.04196,12268
2025-01-22 16:00:00,1.04192,1.0423,1.0412,1.04195,9218
2025-01-22 17:00:00,1.04195,1.04206,1.0411,1.0417,7272
2025-01-22 18:00:00,1.04171,1.04212,1.041,1.04159,6070
2025-01-22 19:00:00,1.0416,1.0423,1.0415,1.042,5655
2025-01-22 20:00:00,1.04194,1.0423,1.041,1.0412,5374
2025-01-22 21:00:00,1.0412,1.0414,1.0406,1.04065,3277
2025-01-22 22:00:00,1.04065,1.0415,1.03513,1.04078,1178
2025-01-22 23:00:00,1.04077,1.04091,1.0404,1.04076,2809
2025-01-23 00:00:00,1.04077,1.04118,1.0406,1.04103,4552
2025-01-23 01:00:00,1.04104,1.0416,1.0401,1.04035,7402
2025-01-23 02:00:00,1.04035,1.04062,1.0396,1.04038,5479
2025-01-23 03:00:00,1.04037,1.041,1.04029,1.04088,4086
2025-01-23 04:00:00,1.04088,1.0414,1.0407,1.04108,3714
2025-01-23 05:00:00,1.04108,1.04116,1.0403,1.04054,4558
2025-01-23 06:00:00,1.04051,1.0413,1.0402,1.04034,5116
2025-01-23 07:00:00,1.04032,1.0406,1.03893,1.04003,8543
2025-01-23 08:00:00,1.04001,1.0403,1.039,1.03939,8611
2025-01-23 09:00:00,1.03939,1.04148,1.03931,1.04118,8984
2025-01-23 10:00:00,1.04113,1.0421,1.0409,1.04103,7316
2025-01-23 11:00:00,1.04112,1.0414,1.04009,1.04032,7913
2025-01-23 12:00:00,1.04022,1.04061,1.0393,1.04035,8569
2025-01-23 13:00:00,1.04035,1.04148,1.0396,1.04104,11771
2025-01-23 14:00:00,1.04107,1.04178,1.0405,1.04088,10819
2025-01-23 15:00:00,1.04088,1.04097,1.0386,1.03973,12069
2025-01-23 16:00:00,1.03972,1.04292,1.03712,1.04196,16243
2025-01-23 17:00:00,1.04182,1.04377,1.04138,1.04354,9949
2025-01-23 18:00:00,1.04353,1.04369,1.0421,1.04237,7306
2025-01-23 19:00:00,1.04233,1.04267,1.0419,1.0423,6585
2025-01-23 20:00:00,1.04224,1.0429,1.0415,1.04175,6418
2025-01-23 21:00:00,1.04168,1.04194,1.0412,1.0414,3287
2025-01-23 22:00:00,1.04148,1.0429,1.04083,1.04166,1462
2025-01-23 23:00:00,1.04169,1.0418,1.04126,1.04154,1999
2025-01-24 00:00:00,1.04157,1.0424,1.0412,1.04188,4296
2025-01-24 01:00:00,1.04191,1.04202,1.0411,1.04157,5247
2025-01-24 02:00:00,1.04159,1.045,1.0415,1.04487,9203
2025-01-24 03:00:00,1.04483,1.04541,1.04364,1.04462,8638
2025-01-24 04:00:00,1.04455,1.0452,1.0442,1.04473,6268
2025-01-24 05:00:00,1.04479,1.0455,1.0443,1.0451,5070
2025-01-24 06:00:00,1.04513,1.047,1.04489,1.04566,8768
2025-01-24 07:00:00,1.04566,1.04649,1.0446,1.04606,10296
2025-01-24 08:00:00,1.04607,1.0495,1.04579,1.04933,12944
2025-01-24 09:00:00,1.0491,1.0516,1.0489,1.04945,11763
2025-01-24 10:00:00,1.04944,1.04978,1.0485,1.04891,8472
2025-01-24 11:00:00,1.04881,1.04931,1.048,1.04859,7859
2025-01-24 12:00:00,1.04845,1.0488,1.0472,1.04733,8002
2025-01-24 13:00:00,1.04731,1.04799,1.0463,1.04686,9611
2025-01-24 14:00:00,1.04685,1.0494,1.0466,1.04916,11710
2025-01-24 15:00:00,1.04883,1.05205,1.04883,1.05163,14364
2025-01-24 16:00:00,1.05156,1.05204,1.05046,1.05144,11202
2025-01-24 17:00:00,1.05137,1.05215,1.05089,1.0511,7797
2025-01-24 18:00:00,1.05108,1.05118,1.0493,1.04951,6056
2025-01-24 19:00:00,1.04951,1.0499,1.0491,1.04952,5305
2025-01-24 20:00:00,1.04944,1.04962,1.0487,1.04946,5188
2025-01-24 21:00:00,1.04944,1.0503,1.02299,1.03305,3262
2025-01-26 22:00:00,1.04754,1.04833,1.04754,1.04818,410
2025-01-26 23:00:00,1.0481,1.04834,1.04645,1.04672,1860
2025-01-27 00:00:00,1.04668,1.0476,1.04648,1.04726,2697
2025-01-27 01:00:00,1.04724,1.0479,1.046,1.04625,5476
2025-01-27 02:00:00,1.04625,1.0467,1.0458,1.0466,5856
2025-01-27 03:00:00,1.04658,1.04775,1.0462,1.04683,6189
2025-01-27 04:00:00,1.04685,1.047,1.0459,1.04632,4640
2025-01-27 05:00:00,1.04631,1.0465,1.0454,1.04626,5185
2025-01-27 06:00:00,1.04629,1.04652,1.0455,1.04588,6007
2025-01-27 07:00:00,1.04588,1.0471,1.0453,1.0457,9593
2025-01-27 08:00:00,1.04566,1.04888,1.04541,1.04881,11859
2025-01-27 09:00:00,1.04878,1.0494,1.04749,1.04882,12732
2025-01-27 10:00:00,1.04888,1.0509,1.04886,1.0505,12670
2025-01-27 11:00:00,1.05052,1.05182,1.0503,1.05132,11487
2025-01-27 12:00:00,1.0513,1.05281,1.0508,1.05213,10457
2025-01-27 13:00:00,1.05203,1.05331,1.05088,1.05197,13138
2025-01-27 14:00:00,1.05197,1.05244,1.0507,1.05091,13599
2025-01-27 15:00:00,1.0509,1.05099,1.0492,1.0497,12903
2025-01-27 16:00:00,1.0499,1.0508,1.0488,1.04908,11650
2025-01-27 17:00:00,1.04909,1.0495,1.0484,1.04887,9600
2025-01-27 18:00:00,1.04883,1.04942,1.0481,1.0485,8526
2025-01-27 19:00:00,1.04848,1.0493,1.0479,1.04923,7639
2025-01-27 20:00:00,1.04926,1.04941,1.0486,1.04883,6295
2025-01-27 21:00:00,1.04879,1.04923,1.0485,1.04905,3394
2025-01-27 22:00:00,1.0491,1.0495,1.0479,1.04886,1384
2025-01-27 23:00:00,1.04888,1.04891,1.04279,1.0435,9741
2025-01-28 00:00:00,1.0437,1.04518,1.04322,1.04451,8409
2025-01-28 01:00:00,1.04452,1.04565,1.04294,1.04396,6649
2025-01-28 02:00:00,1.0436,1.04417,1.04237,1.04334,7821
2025-01-28 03:00:00,1.04335,1.04394,1.0428,1.04289,5433
2025-01-28 04:00:00,1.04295,1.0435,1.0424,1.04334,4482
2025-01-28 05:00:00,1.0434,1.04392,1.0432,1.04365,3761
2025-01-28 06:00:00,1.04365,1.04444,1.0433,1.0438,4842
2025-01-28 07:00:00,1.0437,1.04429,1.0427,1.0434,8808
2025-01-28 08:00:00,1.04344,1.0436,1.04186,1.0425,10779
2025-01-28 09:00:00,1.04253,1.0445,1.0421,1.0435,10163
2025-01-28 10:00:00,1.04349,1.04375,1.0423,1.04249,8055
2025-01-28 11:00:00,1.04246,1.0433,1.0422,1.0423,6984
2025-01-28 12:00:00,1.04226,1.04256,1.04123,1.04203,9045
2025-01-28 13:00:00,1.04199,1.04312,1.0416,1.04246,9990
2025-01-28 14:00:00,1.04242,1.04408,1.0423,1.04317,11049
2025-01-28 15:00:00,1.04313,1.044,1.04206,1.04237,11441
2025-01-28 16:00:00,1.04235,1.04329,1.0421,1.0426,10327
2025-01-28 17:00:00,1.0426,1.0435,1.0424,1.04279,7187
2025-01-28 18:00:00,1.04281,1.04383,1.04229,1.04262,8031
2025-01-28 19:00:00,1.04262,1.0437,1.0421,1.04347,6738
2025-01-28 20:00:00,1.0435,1.04355,1.0428,1.04315,6380
2025-01-28 21:00:00,1.04315,1.0434,1.0429,1.04295,4224
2025-01-28 22:00:00,1.04295,1.0434,1.04134,1.04282,1069
2025-01-28 23:00:00,1.0429,1.043,1.0425,1.04269,2033
2025-01-29 00:00:00,1.04271,1.0435,1.0425,1.04302,4206
2025-01-29 01:00:00,1.04307,1.04341,1.04269,1.04272,4174
2025-01-29 02:00:00,1.04268,1.0436,1.0425,1.04335,3768
2025-01-29 03:00:00,1.04335,1.0439,1.0431,1.04375,4179
2025-01-29 04:00:00,1.04371,1.04425,1.0436,1.04386,3424
2025-01-29 05:00:00,1.04382,1.0441,1.0434,1.04404,3580
2025-01-29 06:00:00,1.04403,1.0444,1.0436,1.0437,5046
2025-01-29 07:00:00,1.0437,1.04378,1.0413,1.0416,7908
2025-01-29 08:00:00,1.0416,1.04306,1.0416,1.04244,9278
2025-01-29 09:00:00,1.04241,1.0425,1.04016,1.0404,9404
2025-01-29 10:00:00,1.04033,1.04085,1.03943,1.04033,8141
2025-01-29 11:00:00,1.04038,1.04082,1.0396,1.04012,7592
2025-01-29 12:00:00,1.04016,1.0405,1.03927,1.0404,8877
2025-01-29 13:00:00,1.0404,1.04057,1.03818,1.03871,11481
2025-01-29 14:00:00,1.03877,1.04015,1.03857,1.04009,10905
2025-01-29 15:00:00,1.04005,1.04272,1.0394,1.04195,13107
2025-01-29 16:00:00,1.04194,1.04241,1.04109,1.04157,11389
2025-01-29 17:00:00,1.0415,1.0429,1.04145,1.04211,9920
2025-01-29 18:00:00,1.04212,1.0425,1.04149,1.04203,7443
2025-01-29 19:00:00,1.04203,1.04286,1.03877,1.0416,17106
2025-01-29 20:00:00,1.04157,1.04256,1.04042,1.04105,11263
2025-01-29 21:00:00,1.04102,1.0422,1.0407,1.04201,4437
2025-01-29 22:00:00,1.04201,1.0425,1.04043,1.04197,774
2025-01-29 23:00:00,1.04195,1.0427,1.0417,1.04239,1858
2025-01-30 00:00:00,1.04241,1.0429,1.0422,1.04261,2100
2025-01-30 01:00:00,1.04252,1.0426,1.0417,1.04196,2172
2025-01-30 02:00:00,1.04199,1.0427,1.0418,1.04228,3760
2025-01-30 03:00:00,1.0423,1.0427,1.0421,1.04251,3982
2025-01-30 04:00:00,1.04251,1.04276,1.0416,1.0417,3688
2025-01-30 05:00:00,1.04191,1.04221,1.0416,1.04216,3619
2025-01-30 06:00:00,1.0422,1.0424,1.0409,1.04137,4644
2025-01-30 07:00:00,1.04138,1.04238,1.0409,1.04231,6657
2025-01-30 08:00:00,1.04237,1.04288,1.04154,1.04219,8941
2025-01-30 09:00:00,1.04202,1.04228,1.0402,1.04068,10039
2025-01-30 10:00:00,1.0406,1.04122,1.03953,1.04006,8370
2025-01-30 11:00:00,1.04006,1.0401,1.0391,1.03918,7910
2025-01-30 12:00:00,1.03918,1.04058,1.039,1.04034,8004
2025-01-30 13:00:00,1.04027,1.046,1.04,1.04555,13579
2025-01-30 14:00:00,1.04523,1.04678,1.04188,1.04271,14480
2025-01-30 15:00:00,1.04276,1.04416,1.04258,1.04312,11907
2025-01-30 16:00:00,1.04306,1.04348,1.0416,1.04197,9313
2025-01-30 17:00:00,1.04197,1.04232,1.0408,1.0416,8328
2025-01-30 18:00:00,1.0417,1.0426,1.04148,1.0424,5358
2025-01-30 19:00:00,1.0425,1.043,1.0422,1.04281,4382
2025-01-30 20:00:00,1.04278,1.0433,1.03855,1.04072,9252
2025-01-30 21:00:00,1.04071,1.0414,1.03866,1.03903,6724
2025-01-30 22:00:00,1.03903,1.0399,1.03837,1.03852,727
2025-01-30 23:00:00,1.03859,1.03978,1.03847,1.03963,1893
2025-01-31 00:00:00,1.03965,1.0402,1.0384,1.03864,2488
2025-01-31 01:00:00,1.03856,1.0393,1.03765,1.0388,3491
2025-01-31 02:00:00,1.03884,1.0395,1.0386,1.03893,5466
2025-01-31 03:00:00,1.03896,1.0392,1.0382,1.03847,4727
2025-01-31 04:00:00,1.03845,1.039,1.0382,1.03874,4085
2025-01-31 05:00:00,1.03872,1.0392,1.0384,1.03886,4521
2025-01-31 06:00:00,1.03887,1.0396,1.0386,1.0394,4771
2025-01-31 07:00:00,1.03942,1.04128,1.03909,1.04037,8428
2025-01-31 08:00:00,1.04028,1.04067,1.038,1.03832,9241
2025-01-31 09:00:00,1.03815,1.03851,1.03641,1.03835,11075
2025-01-31 10:00:00,1.03834,1.0384,1.0372,1.03764,8865
2025-01-31 11:00:00,1.03764,1.0381,1.0371,1.03749,7616
2025-01-31 12:00:00,1.03759,1.03857,1.0374,1.03828,7554
2025-01-31 13:00:00,1.03826,1.03953,1.03764,1.03825,12102
2025-01-31 14:00:00,1.03821,1.03826,1.0366,1.03684,12398
2025-01-31 15:00:00,1.03687,1.04006,1.0359,1.03964,13449
2025-01-31 16:00:00,1.03964,1.04076,1.03857,1.03997,11376
2025-01-31 17:00:00,1.03992,1.04338,1.03883,1.04196,14296
2025-01-31 18:00:00,1.04198,1.04217,1.03617,1.037,14651
2025-01-31 19:00:00,1.03697,1.03791,1.0363,1.03764,11387
2025-01-31 20:00:00,1.03755,1.0383,1.0362,1.03735,10466
2025-01-31 21:00:00,1.03731,1.0387,1.03495,1.0356,8414
2025-02-02 22:00:00,1.02318,1.0255,1.02318,1.02492,638
2025-02-02 23:00:00,1.02504,1.02693,1.02341,1.02466,4521
2025-02-03 00:00:00,1.02464,1.02668,1.02097,1.02313,6189
2025-02-03 01:00:00,1.02302,1.0252,1.0221,1.02374,4995
2025-02-03 02:00:00,1.02375,1.02379,1.022,1.02235,9961
2025-02-03 03:00:00,1.02237,1.0225,1.0211,1.022,7661
2025-02-03 04:00:00,1.02212,1.02395,1.022,1.02267,8975
2025-02-03 05:00:00,1.02268,1.02433,1.02252,1.02404,7481
2025-02-03 06:00:00,1.02403,1.02516,1.0239,1.02429,8613
2025-02-03 07:00:00,1.02428,1.02492,1.0221,1.02243,11438
2025-02-03 08:00:00,1.02247,1.02512,1.02127,1.02434,12753
2025-02-03 09:00:00,1.02432,1.02544,1.0225,1.02311,10390
2025-02-03 10:00:00,1.02278,1.02445,1.02278,1.02438,9385
2025-02-03 11:00:00,1.02437,1.02558,1.0234,1.0252,9193
2025-02-03 12:00:00,1.02516,1.0278,1.0248,1.02577,8932
2025-02-03 13:00:00,1.02571,1.0289,1.02571,1.02634,11320
2025-02-03 14:00:00,1.02627,1.02659,1.0246,1.02498,13424
2025-02-03 15:00:00,1.0245,1.03357,1.02401,1.03153,19574
2025-02-03 16:00:00,1.03147,1.0322,1.02727,1.02801,18096
2025-02-03 17:00:00,1.02798,1.03018,1.02708,1.02798,13236
2025-02-03 18:00:00,1.02785,1.02876,1.02685,1.0278,11245
2025-02-03 19:00:00,1.02785,1.02972,1.02785,1.0284,8741
2025-02-03 20:00:00,1.02848,1.02994,1.0282,1.02956,7924
2025-02-03 21:00:00,1.02947,1.035,1.0291,1.03424,8627
2025-02-03 22:00:00,1.03424,1.0347,1.0326,1.03398,773
2025-02-03 23:00:00,1.034,1.03498,1.0325,1.03275,3063
2025-02-04 00:00:00,1.03281,1.03307,1.0315,1.03178,2989
2025-02-04 01:00:00,1.0317,1.0323,1.0308,1.03217,3861
2025-02-04 02:00:00,1.03214,1.0324,1.0315,1.0322,7454
2025-02-04 03:00:00,1.03218,1.0324,1.031,1.03147,6817
2025-02-04 04:00:00,1.03148,1.03152,1.0305,1.0307,5986
2025-02-04 05:00:00,1.0306,1.0306,1.02715,1.02928,11460
2025-02-04 06:00:00,1.02932,1.03077,1.0291,1.03065,7434
2025-02-04 07:00:00,1.03057,1.03171,1.0299,1.0311,8430
2025-02-04 08:00:00,1.03111,1.03356,1.0308,1.03338,12516
2025-02-04 09:00:00,1.03336,1.035,1.0332,1.03388,10292
2025-02-04 10:00:00,1.03373,1.0344,1.0325,1.0335,8066
2025-02-04 11:00:00,1.03347,1.03352,1.0321,1.0322,7584
2025-02-04 12:00:00,1.03221,1.03284,1.0319,1.03253,8051
2025-02-04 13:00:00,1.03251,1.03405,1.0322,1.03402,10218
2025-02-04 14:00:00,1.03402,1.03662,1.0339,1.036,12769
2025-02-04 15:00:00,1.03586,1.03859,1.03557,1.03802,15224
2025-02-04 16:00:00,1.03799,1.0388,1.0372,1.03785,11716
2025-02-04 17:00:00,1.03785,1.038,1.0365,1.03767,10676
2025-02-04 18:00:00,1.03764,1.03863,1.0373,1.03812,7820
2025-02-04 19:00:00,1.03808,1.0386,1.0375,1.03819,7690
2025-02-04 20:00:00,1.03812,1.0386,1.0379,1.03851,7046
2025-02-04 21:00:00,1.03855,1.03876,1.0376,1.03782,4164
2025-02-04 22:00:00,1.03782,1.0381,1.03696,1.0377,1044
2025-02-04 23:00:00,1.0378,1.0382,1.037,1.0371,1748
2025-02-05 00:00:00,1.03716,1.03815,1.0369,1.03784,2557
2025-02-05 01:00:00,1.03786,1.03861,1.0372,1.03734,3713
2025-02-05 02:00:00,1.0373,1.0385,1.0371,1.03844,6869
2025-02-05 03:00:00,1.03843,1.03861,1.0378,1.03792,5487
2025-02-05 04:00:00,1.03797,1.0383,1.0375,1.03783,4773
2025-02-05 05:00:00,1.03786,1.0379,1.0372,1.03779,5364
2025-02-05 06:00:00,1.03777,1.0395,1.0373,1.03846,6374
2025-02-05 07:00:00,1.03848,1.04095,1.03819,1.04024,9129
2025-02-05 08:00:00,1.04005,1.0409,1.03903,1.04033,11394
2025-02-05 09:00:00,1.04037,1.04169,1.04,1.04038,10762
2025-02-05 10:00:00,1.04031,1.04305,1.0401,1.04251,9874
2025-02-05 11:00:00,1.04252,1.04253,1.041,1.04147,7879
2025-02-05 12:00:00,1.04139,1.0422,1.0409,1.04195,8004
2025-02-05 13:00:00,1.04189,1.04259,1.04,1.0408,12310
2025-02-05 14:00:00,1.04079,1.0427,1.04058,1.04215,12709
2025-02-05 15:00:00,1.04209,1.04426,1.04142,1.04222,15574
2025-02-05 16:00:00,1.04218,1.04249,1.0409,1.04174,11015
2025-02-05 17:00:00,1.04175,1.04239,1.0409,1.04198,8031
2025-02-05 18:00:00,1.04195,1.0422,1.0413,1.04156,6669
2025-02-05 19:00:00,1.04158,1.04169,1.0404,1.04068,7383
2025-02-05 20:00:00,1.04069,1.0407,1.04,1.04046,6318
2025-02-05 21:00:00,1.04046,1.0407,1.0396,1.0402,4677
2025-02-05 22:00:00,1.0402,1.0407,1.03954,1.04029,751
2025-02-05 23:00:00,1.04026,1.04047,1.0396,1.03981,1605
2025-02-06 00:00:00,1.03984,1.0402,1.0394,1.03971,2426
2025-02-06 01:00:00,1.03973,1.04043,1.0394,1.04022,3124
2025-02-06 02:00:00,1.0402,1.04055,1.039,1.03952,6681
2025-02-06 03:00:00,1.03949,1.03963,1.0388,1.03916,5485
2025-02-06 04:00:00,1.03919,1.0394,1.03849,1.03867,4487
2025-02-06 05:00:00,1.03872,1.03903,1.0385,1.03865,4997
2025-02-06 06:00:00,1.03864,1.03927,1.0384,1.03899,5454
2025-02-06 07:00:00,1.03897,1.0392,1.0377,1.03797,7801
2025-02-06 08:00:00,1.03802,1.0381,1.0355,1.03649,10121
2025-02-06 09:00:00,1.03651,1.0368,1.0355,1.03594,8567
2025-02-06 10:00:00,1.03596,1.03664,1.0354,1.03626,7633
2025-02-06 11:00:00,1.03624,1.0368,1.0357,1.03611,7603
2025-02-06 12:00:00,1.03621,1.03636,1.0352,1.03619,11351
2025-02-06 13:00:00,1.03611,1.03672,1.03529,1.03602,11445
2025-02-06 14:00:00,1.03604,1.0375,1.03594,1.0362,11311
2025-02-06 15:00:00,1.03622,1.03764,1.036,1.03695,12577
2025-02-06 16:00:00,1.03692,1.03761,1.0365,1.03668,9565
2025-02-06 17:00:00,1.03669,1.0381,1.0365,1.03794,7484
2025-02-06 18:00:00,1.03792,1.03965,1.03717,1.03894,9394
2025-02-06 19:00:00,1.03894,1.03914,1.0379,1.03852,6915
2025-02-06 20:00:00,1.03846,1.0391,1.0383,1.03888,5712
2025-02-06 21:00:00,1.03878,1.039,1.03819,1.03822,3296
2025-02-06 22:00:00,1.03823,1.0391,1.0379,1.03811,838
2025-02-06 23:00:00,1.03812,1.0388,1.03808,1.0385,1306
2025-02-07 00:00:00,1.0385,1.03908,1.0376,1.03774,2276
2025-02-07 01:00:00,1.03775,1.03865,1.0373,1.03834,3305
2025-02-07 02:00:00,1.03833,1.03863,1.0379,1.0384,6423
2025-02-07 03:00:00,1.03841,1.0386,1.0376,1.03798,5645
2025-02-07 04:00:00,1.03798,1.0384,1.0375,1.03808,4636
2025-02-07 05:00:00,1.03811,1.0382,1.0373,1.03752,5999
2025-02-07 06:00:00,1.03752,1.0378,1.0371,1.03755,5957
2025-02-07 07:00:00,1.03761,1.03902,1.0373,1.03889,6472
2025-02-07 08:00:00,1.0389,1.04,1.03849,1.03979,8044
2025-02-07 09:00:00,1.03976,1.03993,1.0389,1.03911,7805
2025-02-07 10:00:00,1.0391,1.0392,1.0378,1.03814,7115
2025-02-07 11:00:00,1.03814,1.03841,1.0376,1.03824,6529
2025-02-07 12:00:00,1.03818,1.03824,1.03677,1.03744,7551
2025-02-07 13:00:00,1.03743,1.04109,1.03478,1.03638,14132
2025-02-07 14:00:00,1.03633,1.03887,1.03608,1.03842,13644
2025-02-07 15:00:00,1.03829,1.03878,1.0326,1.0355,15528
2025-02-07 16:00:00,1.03546,1.03551,1.03219,1.03275,16299
2025-02-07 17:00:00,1.03278,1.03603,1.0305,1.03219,14293
2025-02-07 18:00:00,1.03206,1.03359,1.032,1.03251,6823
2025-02-07 19:00:00,1.0325,1.03369,1.0323,1.0332,6555
2025-02-07 20:00:00,1.03325,1.03383,1.0321,1.03277,6435
2025-02-07 21:00:00,1.03277,1.0333,1.03236,1.0328,4563
2025-02-09 22:00:00,1.02883,1.03008,1.02839,1.02895,749
2025-02-09 23:00:00,1.02916,1.03133,1.02916,1.03093,1856
2025-02-10 00:00:00,1.03094,1.0319,1.0308,1.031,2798
2025-02-10 01:00:00,1.03099,1.03143,1.0299,1.03027,3626
2025-02-10 02:00:00,1.03027,1.0307,1.0297,1.0299,5429
2025-02-10 03:00:00,1.02996,1.0312,1.0298,1.03115,4345
2025-02-10 04:00:00,1.03115,1.0316,1.031,1.0313,3757
2025-02-10 05:00:00,1.03131,1.0322,1.0312,1.0316,4166
2025-02-10 06:00:00,1.03162,1.032,1.0311,1.03185,4899
2025-02-10 07:00:00,1.03189,1.03256,1.0308,1.03127,8344
2025-02-10 08:00:00,1.03129,1.0323,1.0306,1.03221,10184
2025-02-10 09:00:00,1.03219,1.0336,1.03209,1.03261,8653
2025-02-10 10:00:00,1.03252,1.03337,1.0322,1.033,7059
2025-02-10 11:00:00,1.03293,1.0337,1.0319,1.03207,7474
2025-02-10 12:00:00,1.03199,1.0322,1.03081,1.03136,8331
2025-02-10 13:00:00,1.03138,1.03265,1.03138,1.03215,8387
2025-02-10 14:00:00,1.03215,1.03236,1.0303,1.03112,9882
2025-02-10 15:00:00,1.03112,1.032,1.031,1.0315,9581
2025-02-10 16:00:00,1.03152,1.03181,1.0303,1.03115,8917
2025-02-10 17:00:00,1.03116,1.0315,1.0306,1.03121,6646
2025-02-10 18:00:00,1.03119,1.0317,1.0304,1.03069,5989
2025-02-10 19:00:00,1.03072,1.0311,1.0304,1.03063,5031
2025-02-10 20:00:00,1.03067,1.0309,1.0303,1.03067,4622
2025-02-10 21:00:00,1.03062,1.03083,1.0303,1.03065,2938
2025-02-10 22:00:00,1.03065,1.031,1.03013,1.03032,923
2025-02-10 23:00:00,1.03048,1.0308,1.0297,1.03003,1858
2025-02-11 00:00:00,1.03002,1.0308,1.0298,1.03045,1810
2025-02-11 01:00:00,1.03042,1.0305,1.0299,1.03017,2899
2025-02-11 02:00:00,1.03016,1.0303,1.029,1.02931,6694
2025-02-11 03:00:00,1.0293,1.0302,1.029,1.02979,5430
2025-02-11 04:00:00,1.02981,1.03044,1.0296,1.03039,5158
2025-02-11 05:00:00,1.03038,1.0307,1.0301,1.03043,5399
2025-02-11 06:00:00,1.03046,1.0311,1.0302,1.03052,5767
2025-02-11 07:00:00,1.03051,1.0308,1.03,1.0303,7178
2025-02-11 08:00:00,1.03032,1.03198,1.02994,1.03184,8365
2025-02-11 09:00:00,1.03183,1.0323,1.0311,1.03179,8258
2025-02-11 10:00:00,1.03179,1.0326,1.0313,1.03158,7484
2025-02-11 11:00:00,1.03158,1.0323,1.0314,1.0322,5808
2025-02-11 12:00:00,1.03214,1.0329,1.032,1.03221,7348
2025-02-11 13:00:00,1.03221,1.03261,1.0315,1.03216,8199
2025-02-11 14:00:00,1.03221,1.0337,1.03213,1.03325,9625
2025-02-11 15:00:00,1.0331,1.03433,1.0327,1.034,11301
2025-02-11 16:00:00,1.0339,1.03512,1.0338,1.03457,9724
2025-02-11 17:00:00,1.03451,1.03488,1.0342,1.03451,7066
2025-02-11 18:00:00,1.03448,1.0352,1.0343,1.03454,6348
2025-02-11 19:00:00,1.03454,1.03816,1.034,1.03581,7675
2025-02-11 20:00:00,1.0358,1.0368,1.0356,1.03629,7790
2025-02-11 21:00:00,1.03617,1.0365,1.0358,1.0361,3727
2025-02-11 22:00:00,1.0361,1.0366,1.0356,1.03585,822
2025-02-11 23:00:00,1.03589,1.03672,1.03586,1.0363,1262
2025-02-12 00:00:00,1.03626,1.03632,1.0355,1.0357,1623
2025-02-12 01:00:00,1.03567,1.0364,1.0353,1.03602,2654
2025-02-12 02:00:00,1.03603,1.0368,1.0359,1.03624,5457
2025-02-12 03:00:00,1.03624,1.0366,1.0357,1.03623,5184
2025-02-12 04:00:00,1.03618,1.03635,1.0354,1.03558,4350
2025-02-12 05:00:00,1.03563,1.036,1.0353,1.03586,4512
2025-02-12 06:00:00,1.03585,1.0361,1.0355,1.03588,4510
2025-02-12 07:00:00,1.0359,1.03793,1.03585,1.03755,7688
2025-02-12 08:00:00,1.03748,1.03801,1.0367,1.03712,9395
2025-02-12 09:00:00,1.0371,1.03741,1.0363,1.03736,7819
2025-02-12 10:00:00,1.0373,1.03773,1.0369,1.03754,7371
2025-02-12 11:00:00,1.03755,1.0386,1.0372,1.03752,7566
2025-02-12 12:00:00,1.0375,1.03789,1.0371,1.0373,7404
2025-02-12 13:00:00,1.0373,1.0376,1.03166,1.03332,14764
2025-02-12 14:00:00,1.03322,1.03535,1.03246,1.03502,13939
2025-02-12 15:00:00,1.03503,1.03826,1.0337,1.03749,15471
2025-02-12 16:00:00,1.03745,1.0396,1.035,1.03902,13190
2025-02-12 17:00:00,1.03908,1.0428,1.0389,1.04257,14006
2025-02-12 18:00:00,1.04252,1.04298,1.03868,1.03893,10775
2025-02-12 19:00:00,1.03894,1.03934,1.0383,1.03908,7778
2025-02-12 20:00:00,1.0391,1.0398,1.0387,1.03918,6659
2025-02-12 21:00:00,1.03917,1.03956,1.0379,1.03825,3924
2025-02-12 22:00:00,1.03825,1.0398,1.03775,1.03813,836
2025-02-12 23:00:00,1.03818,1.0394,1.03816,1.0394,1528
2025-02-13 00:00:00,1.03918,1.04001,1.0387,1.039,2131
2025-02-13 01:00:00,1.03895,1.0402,1.0386,1.03993,3193
2025-02-13 02:00:00,1.03998,1.0408,1.0395,1.04037,5909
2025-02-13 03:00:00,1.0404,1.0422,1.0403,1.04191,5526
2025-02-13 04:00:00,1.04187,1.04355,1.0418,1.04343,6231
2025-02-13 05:00:00,1.04346,1.0439,1.0429,1.04345,6169
2025-02-13 06:00:00,1.04349,1.044,1.0428,1.0431,7530
2025-02-13 07:00:00,1.04309,1.04367,1.0422,1.04253,9319
2025-02-13 08:00:00,1.04257,1.04266,1.041,1.04137,10404
2025-02-13 09:00:00,1.04137,1.04263,1.041,1.04231,9172
2025-02-13 10:00:00,1.0423,1.04291,1.04126,1.04158,7842
2025-02-13 11:00:00,1.04158,1.04274,1.03924,1.04025,9139
2025-02-13 12:00:00,1.04025,1.04036,1.0384,1.03892,9068
2025-02-13 13:00:00,1.03897,1.04072,1.03756,1.03926,13015
2025-02-13 14:00:00,1.03923,1.04014,1.03812,1.03992,12398
2025-02-13 15:00:00,1.03993,1.04381,1.0399,1.04333,16031
2025-02-13 16:00:00,1.04327,1.04453,1.0423,1.04281,10334
2025-02-13 17:00:00,1.04274,1.04391,1.0424,1.04253,8693
2025-02-13 18:00:00,1.04251,1.0432,1.0373,1.04086,12676
2025-02-13 19:00:00,1.04094,1.0443,1.04078,1.04368,9924
2025-02-13 20:00:00,1.04369,1.04658,1.0434,1.04613,7270
2025-02-13 21:00:00,1.04617,1.0467,1.0456,1.04646,3615
2025-02-13 22:00:00,1.04646,1.0471,1.04609,1.04654,1108
2025-02-13 23:00:00,1.04642,1.0468,1.0454,1.04613,2048
2025-02-14 00:00:00,1.04612,1.0467,1.0457,1.04606,2723
2025-02-14 01:00:00,1.04601,1.0467,1.0457,1.0458,3512
2025-02-14 02:00:00,1.04589,1.0461,1.0454,1.04569,6182
2025-02-14 03:00:00,1.04567,1.0462,1.0453,1.04588,5986
2025-02-14 04:00:00,1.04587,1.0464,1.0453,1.04546,4494
2025-02-14 05:00:00,1.04548,1.0456,1.0446,1.04526,5368
2025-02-14 06:00:00,1.04527,1.04611,1.0451,1.04587,6622
2025-02-14 07:00:00,1.04586,1.0473,1.0458,1.0465,9142
2025-02-14 08:00:00,1.04649,1.04862,1.04627,1.04767,10701
2025-02-14 09:00:00,1.04766,1.0489,1.0475,1.04802,9017
2025-02-14 10:00:00,1.04813,1.04829,1.0463,1.04672,7784
2025-02-14 11:00:00,1.04671,1.047,1.0462,1.04675,7270
2025-02-14 12:00:00,1.04672,1.04747,1.0456,1.04717,8231
2025-02-14 13:00:00,1.04717,1.0499,1.04707,1.04883,12386
2025-02-14 14:00:00,1.04885,1.05142,1.04867,1.05087,12012
2025-02-14 15:00:00,1.05086,1.0513,1.049,1.05081,12840
2025-02-14 16:00:00,1.05082,1.05102,1.0496,1.04975,9732
2025-02-14 17:00:00,1.04976,1.051,1.0493,1.05073,7742
2025-02-14 18:00:00,1.05072,1.0508,1.0499,1.05039,6897
2025-02-14 19:00:00,1.05045,1.0505,1.0494,1.0498,6347
2025-02-14 20:00:00,1.04981,1.04986,1.049,1.04917,7463
2025-02-14 21:00:00,1.04923,1.0495,1.04876,1.04897,5624
2025-02-16 22:00:00,1.04851,1.04886,1.04837,1.04867,343
2025-02-16 23:00:00,1.04874,1.04936,1.04842,1.0488,1592
2025-02-17 00:00:00,1.04883,1.0494,1.0485,1.0492,2028
2025-02-17 01:00:00,1.04919,1.0506,1.0489,1.0504,2841
2025-02-17 02:00:00,1.05049,1.0506,1.0495,1.05011,5096
2025-02-17 03:00:00,1.05012,1.0504,1.0493,1.04948,5019
2025-02-17 04:00:00,1.04947,1.04973,1.0488,1.04956,4368
2025-02-17 05:00:00,1.04955,1.04983,1.0483,1.04899,6081
2025-02-17 06:00:00,1.04898,1.04934,1.0487,1.04914,5671
2025-02-17 07:00:00,1.04918,1.04954,1.04802,1.04823,7940
2025-02-17 08:00:00,1.04826,1.0486,1.04702,1.04743,9229
2025-02-17 09:00:00,1.04743,1.04813,1.047,1.04744,7437
2025-02-17 10:00:00,1.04741,1.04894,1.0472,1.04891,6656
2025-02-17 11:00:00,1.04889,1.04892,1.0477,1.04816,6034
2025-02-17 12:00:00,1.04819,1.04851,1.0467,1.04721,6794
2025-02-17 13:00:00,1.04721,1.04765,1.0466,1.04739,5794
2025-02-17 14:00:00,1.04736,1.04795,1.047,1.04784,5629
2025-02-17 15:00:00,1.04785,1.04842,1.0474,1.04798,6205
2025-02-17 16:00:00,1.04793,1.04832,1.0475,1.04787,4729
2025-02-17 17:00:00,1.0479,1.0485,1.0476,1.04826,3086
2025-02-17 18:00:00,1.04824,1.0483,1.0477,1.04822,2167
2025-02-17 19:00:00,1.04821,1.0484,1.0478,1.04816,2700
2025-02-17 20:00:00,1.04815,1.0484,1.0479,1.04831,2361
2025-02-17 21:00:00,1.04834,1.0486,1.0481,1.04825,1897
2025-02-17 22:00:00,1.04825,1.0487,1.04717,1.04783,731
2025-02-17 23:00:00,1.048,1.0486,1.04758,1.0484,1204
2025-02-18 00:00:00,1.04843,1.0486,1.0472,1.04748,2155
2025-02-18 01:00:00,1.0474,1.0476,1.0461,1.04658,2807
2025-02-18 02:00:00,1.04656,1.0471,1.0465,1.04677,5099
2025-02-18 03:00:00,1.04676,1.04725,1.046,1.04626,5875
2025-02-18 04:00:00,1.0463,1.04641,1.0454,1.04571,4566
2025-02-18 05:00:00,1.04558,1.04592,1.0451,1.04548,5060
2025-02-18 06:00:00,1.04546,1.04634,1.0453,1.04615,5511
2025-02-18 07:00:00,1.04605,1.04691,1.0457,1.04635,7244
2025-02-18 08:00:00,1.04631,1.04693,1.0454,1.04568,8801
2025-02-18 09:00:00,1.04562,1.0465,1.0454,1.04642,7107
2025-02-18 10:00:00,1.04618,1.0468,1.0458,1.04623,6843
2025-02-18 11:00:00,1.04625,1.04651,1.046,1.04629,5148
2025-02-18 12:00:00,1.04629,1.04671,1.0452,1.04553,7041
2025-02-18 13:00:00,1.04553,1.04569,1.0441,1.04449,9198
2025-02-18 14:00:00,1.04448,1.0455,1.0441,1.0452,9508
2025-02-18 15:00:00,1.04525,1.0467,1.04505,1.04667,10981
2025-02-18 16:00:00,1.04662,1.04696,1.0452,1.04564,8322
2025-02-18 17:00:00,1.04556,1.0457,1.0438,1.0446,6958
2025-02-18 18:00:00,1.04453,1.0449,1.0434,1.0444,6472
2025-02-18 19:00:00,1.04438,1.045,1.0439,1.04448,5563
2025-02-18 20:00:00,1.04447,1.0448,1.04409,1.0446,5076
2025-02-18 21:00:00,1.0446,1.045,1.04385,1.0444,2993
2025-02-18 22:00:00,1.0444,1.0452,1.04398,1.04497,1162
2025-02-18 23:00:00,1.04485,1.045,1.0443,1.04477,1302
2025-02-19 00:00:00,1.0447,1.0449,1.0443,1.04452,1980
2025-02-19 01:00:00,1.04455,1.0449,1.044,1.04463,2911
2025-02-19 02:00:00,1.04462,1.04522,1.0443,1.04519,5203
2025-02-19 03:00:00,1.04518,1.04521,1.0446,1.04513,3909
2025-02-19 04:00:00,1.04514,1.0454,1.0447,1.04524,3148
2025-02-19 05:00:00,1.04522,1.04563,1.0447,1.04559,3643
2025-02-19 06:00:00,1.04562,1.0462,1.0453,1.04547,5324
2025-02-19 07:00:00,1.04555,1.04595,1.0447,1.04512,7195
2025-02-19 08:00:00,1.04512,1.04562,1.04379,1.0439,8745
2025-02-19 09:00:00,1.04404,1.04436,1.04274,1.04292,8293
2025-02-19 10:00:00,1.04291,1.0431,1.04179,1.0424,7960
2025-02-19 11:00:00,1.04243,1.04331,1.0419,1.04241,9696
2025-02-19 12:00:00,1.04246,1.0432,1.0421,1.04282,8527
2025-02-19 13:00:00,1.04284,1.04353,1.0425,1.0434,8755
2025-02-19 14:00:00,1.04331,1.0439,1.0426,1.04344,9972
2025-02-19 15:00:00,1.04341,1.04414,1.042,1.04245,12551
2025-02-19 16:00:00,1.04239,1.04254,1.0403,1.04046,10230
2025-02-19 17:00:00,1.04044,1.04133,1.04,1.04096,6894
2025-02-19 18:00:00,1.04096,1.04219,1.0407,1.04186,6320
2025-02-19 19:00:00,1.04187,1.0433,1.0417,1.04257,8316
2025-02-19 20:00:00,1.0425,1.04265,1.042,1.0425,5986
2025-02-19 21:00:00,1.04243,1.0427,1.042,1.0423,2523
2025-02-19 22:00:00,1.0423,1.0431,1.04153,1.0425,624
2025-02-19 23:00:00,1.04227,1.0426,1.0419,1.04202,1345
2025-02-20 00:00:00,1.04203,1.043,1.0418,1.04289,2545
2025-02-20 01:00:00,1.0429,1.0433,1.0417,1.04209,3002
2025-02-20 02:00:00,1.0421,1.0438,1.0419,1.04357,7867
2025-02-20 03:00:00,1.04356,1.0436,1.0426,1.0432,5521
2025-02-20 04:00:00,1.04311,1.0432,1.0423,1.043,4447
2025-02-20 05:00:00,1.04302,1.04344,1.0426,1.04274,5090
2025-02-20 06:00:00,1.04277,1.0435,1.0423,1.04251,5876
2025-02-20 07:00:00,1.04253,1.0434,1.0422,1.04312,7357
2025-02-20 08:00:00,1.04313,1.0442,1.0428,1.04332,9164
2025-02-20 09:00:00,1.04331,1.04384,1.0427,1.04368,7347
2025-02-20 10:00:00,1.04369,1.04443,1.0433,1.04424,7382
2025-02-20 11:00:00,1.0442,1.04462,1.043,1.04381,6576
2025-02-20 12:00:00,1.0438,1.0444,1.0432,1.04358,8970
2025-02-20 13:00:00,1.04352,1.0456,1.04341,1.04483,10000
2025-02-20 14:00:00,1.04466,1.04607,1.0441,1.04462,12591
2025-02-20 15:00:00,1.04462,1.0476,1.044,1.04737,12597
2025-02-20 16:00:00,1.04736,1.04784,1.04638,1.04748,9723
2025-02-20 17:00:00,1.04748,1.04947,1.047,1.04893,8959
2025-02-20 18:00:00,1.04886,1.0499,1.0484,1.04978,7118
2025-02-20 19:00:00,1.04974,1.0504,1.0488,1.05012,7265
2025-02-20 20:00:00,1.05013,1.0504,1.0493,1.05026,5500
2025-02-20 21:00:00,1.05023,1.05034,1.0499,1.0501,2613
2025-02-20 22:00:00,1.05,1.0501,1.04879,1.0496,979
2025-02-20 23:00:00,1.04964,1.0506,1.04952,1.05001,1718
2025-02-21 00:00:00,1.04999,1.0501,1.0488,1.04899,2223
2025-02-21 01:00:00,1.04898,1.0494,1.0484,1.04863,2988
2025-02-21 02:00:00,1.04865,1.05032,1.0485,1.05026,6733
2025-02-21 03:00:00,1.05027,1.05047,1.0499,1.05023,4963
2025-02-21 04:00:00,1.05026,1.0505,1.0497,1.04992,3360
2025-02-21 05:00:00,1.04991,1.0501,1.0491,1.04926,5107
2025-02-21 06:00:00,1.04928,1.04941,1.0487,1.0489,5720
2025-02-21 07:00:00,1.04887,1.05,1.04887,1.0492,7725
2025-02-21 08:00:00,1.0492,1.04942,1.04678,1.04758,11102
2025-02-21 09:00:00,1.04768,1.04812,1.0466,1.04693,9016
2025-02-21 10:00:00,1.04697,1.04721,1.0464,1.04651,7568
2025-02-21 11:00:00,1.0465,1.0474,1.0462,1.04693,6492
2025-02-21 12:00:00,1.04692,1.04711,1.04588,1.04619,7477
2025-02-21 13:00:00,1.04616,1.04779,1.0459,1.04752,8118
2025-02-21 14:00:00,1.0475,1.04925,1.04703,1.04817,11904
2025-02-21 15:00:00,1.04769,1.0486,1.0452,1.04537,13783
2025-02-21 16:00:00,1.0454,1.04578,1.0448,1.04543,10475
2025-02-21 17:00:00,1.04545,1.04644,1.0451,1.04629,7820
2025-02-21 18:00:00,1.04628,1.04679,1.045,1.04597,9531
2025-02-21 19:00:00,1.04595,1.04665,1.0456,1.04621,8098
2025-02-21 20:00:00,1.04614,1.0465,1.04567,1.04604,6941
2025-02-21 21:00:00,1.04604,1.04626,1.04539,1.04575,3688
2025-02-23 22:00:00,1.04717,1.04745,1.04599,1.04721,651
2025-02-23 23:00:00,1.0472,1.04841,1.04699,1.04736,1788
2025-02-24 00:00:00,1.04734,1.05067,1.04715,1.05037,3379
2025-02-24 01:00:00,1.05039,1.05202,1.0502,1.05189,4661
2025-02-24 02:00:00,1.05177,1.0529,1.0514,1.05224,9377
2025-02-24 03:00:00,1.05229,1.0526,1.0515,1.05192,6355
2025-02-24 04:00:00,1.05193,1.0521,1.051,1.05157,4428
2025-02-24 05:00:00,1.0515,1.052,1.0509,1.05164,6479
2025-02-24 06:00:00,1.0516,1.0517,1.05,1.05086,5614
2025-02-24 07:00:00,1.05089,1.05149,1.0485,1.04909,9822
2025-02-24 08:00:00,1.0491,1.04923,1.04696,1.048,10464
2025-02-24 09:00:00,1.04795,1.0485,1.0468,1.04721,9295
2025-02-24 10:00:00,1.04721,1.04806,1.0466,1.04803,7826
2025-02-24 11:00:00,1.04803,1.04814,1.0463,1.04684,5776
2025-02-24 12:00:00,1.0468,1.04726,1.0459,1.04689,6476
2025-02-24 13:00:00,1.0469,1.0476,1.0463,1.04672,8396
2025-02-24 14:00:00,1.04669,1.04697,1.0452,1.04606,11506
2025-02-24 15:00:00,1.04601,1.04707,1.0459,1.0469,12768
2025-02-24 16:00:00,1.0469,1.04801,1.0465,1.04774,10424
2025-02-24 17:00:00,1.04778,1.04838,1.04681,1.04722,9548
2025-02-24 18:00:00,1.0471,1.0486,1.047,1.04803,7298
2025-02-24 19:00:00,1.04799,1.04843,1.0471,1.0475,8166
2025-02-24 20:00:00,1.04754,1.04795,1.0463,1.04651,9230
2025-02-24 21:00:00,1.04651,1.0469,1.0461,1.04674,3148
2025-02-24 22:00:00,1.04674,1.0474,1.046,1.04662,708
2025-02-24 23:00:00,1.04656,1.0468,1.0459,1.04606,1522
2025-02-25 00:00:00,1.0461,1.0464,1.0458,1.0461,2059
2025-02-25 01:00:00,1.04629,1.0466,1.0459,1.04646,2754
2025-02-25 02:00:00,1.04648,1.0475,1.0464,1.0474,5636
2025-02-25 03:00:00,1.04746,1.04763,1.047,1.04729,4521
2025-02-25 04:00:00,1.04732,1.04772,1.0471,1.04731,3746
2025-02-25 05:00:00,1.0473,1.04781,1.0471,1.04764,4188
2025-02-25 06:00:00,1.04768,1.04802,1.0471,1.04766,4972
2025-02-25 07:00:00,1.04769,1.0478,1.04632,1.04642,8903
2025-02-25 08:00:00,1.0464,1.0479,1.0456,1.04702,11394
2025-02-25 09:00:00,1.04701,1.0479,1.0467,1.04732,9580
2025-02-25 10:00:00,1.04725,1.0475,1.0464,1.04728,7843
2025-02-25 11:00:00,1.04728,1.049,1.047,1.04888,8101
2025-02-25 12:00:00,1.04894,1.0501,1.0488,1.04936,9766
2025-02-25 13:00:00,1.04937,1.051,1.0492,1.04999,9755
2025-02-25 14:00:00,1.05002,1.0505,1.04916,1.05019,11041
2025-02-25 15:00:00,1.05017,1.052,1.0493,1.04985,14820
2025-02-25 16:00:00,1.04985,1.05061,1.04941,1.04974,12214
2025-02-25 17:00:00,1.04978,1.05024,1.0483,1.05022,9435
2025-02-25 18:00:00,1.05023,1.05182,1.05,1.0508,7915
2025-02-25 19:00:00,1.05083,1.05129,1.0503,1.05105,7353
2025-02-25 20:00:00,1.05106,1.0519,1.0508,1.05162,7500
2025-02-25 21:00:00,1.05155,1.0518,1.05078,1.05142,3279
2025-02-25 22:00:00,1.05142,1.0519,1.05089,1.0513,705
2025-02-25 23:00:00,1.05116,1.0525,1.05109,1.052,1508
2025-02-26 00:00:00,1.05201,1.0526,1.0518,1.05223,2118
2025-02-26 01:00:00,1.05216,1.0524,1.0513,1.05149,2868
2025-02-26 02:00:00,1.0515,1.05169,1.0503,1.05058,6793
2025-02-26 03:00:00,1.05064,1.0509,1.05009,1.05045,4890
2025-02-26 04:00:00,1.05041,1.05053,1.0495,1.04971,3749
2025-02-26 05:00:00,1.0497,1.0499,1.04899,1.04916,5742
2025-02-26 06:00:00,1.04915,1.04965,1.0486,1.04941,6181
2025-02-26 07:00:00,1.04943,1.05016,1.0492,1.04935,8450
2025-02-26 08:00:00,1.04933,1.05115,1.04916,1.0501,10258
2025-02-26 09:00:00,1.05026,1.05032,1.0493,1.04966,8628
2025-02-26 10:00:00,1.04971,1.05009,1.049,1.04976,8148
2025-02-26 11:00:00,1.04968,1.05022,1.0485,1.04916,7024
2025-02-26 12:00:00,1.04913,1.0495,1.0474,1.04767,7967
2025-02-26 13:00:00,1.04765,1.0495,1.0476,1.0484,10208
2025-02-26 14:00:00,1.04841,1.0493,1.0481,1.04888,12195
2025-02-26 15:00:00,1.04894,1.05091,1.04786,1.05059,14101
2025-02-26 16:00:00,1.05058,1.0516,1.0501,1.05138,11798
2025-02-26 17:00:00,1.05136,1.05288,1.04815,1.04926,14406
2025-02-26 18:00:00,1.04912,1.05005,1.0484,1.04882,12333
2025-02-26 19:00:00,1.04875,1.04935,1.0481,1.04909,9515
2025-02-26 20:00:00,1.04909,1.0492,1.0479,1.0486,7721
2025-02-26 21:00:00,1.0486,1.0488,1.0477,1.0484,3885
2025-02-26 22:00:00,1.0484,1.0491,1.04783,1.0487,486
2025-02-26 23:00:00,1.04863,1.0493,1.0485,1.04874,1326
2025-02-27 00:00:00,1.04873,1.0488,1.0476,1.04771,2358
2025-02-27 01:00:00,1.04769,1.0483,1.0472,1.0477,3013
2025-02-27 02:00:00,1.04779,1.0481,1.0469,1.047,6345
2025-02-27 03:00:00,1.04711,1.04745,1.0464,1.04654,4852
2025-02-27 04:00:00,1.04658,1.04695,1.0458,1.0463,5117
2025-02-27 05:00:00,1.0463,1.0466,1.046,1.04647,4949
2025-02-27 06:00:00,1.0465,1.0473,1.0463,1.04714,6012
2025-02-27 07:00:00,1.04716,1.04802,1.0467,1.04746,7380
2025-02-27 08:00:00,1.04753,1.04802,1.0469,1.04784,9943
2025-02-27 09:00:00,1.04781,1.04853,1.0474,1.04844,7909
2025-02-27 10:00:00,1.04842,1.04844,1.0472,1.04816,7419
2025-02-27 11:00:00,1.04817,1.04873,1.0474,1.0476,6860
2025-02-27 12:00:00,1.04759,1.04842,1.0472,1.04763,8958
2025-02-27 13:00:00,1.04764,1.04893,1.04193,1.04226,14069
2025-02-27 14:00:00,1.04226,1.04416,1.0413,1.04188,15645
2025-02-27 15:00:00,1.04201,1.04278,1.0409,1.04149,14921
2025-02-27 16:00:00,1.0415,1.04161,1.0402,1.04136,11455
2025-02-27 17:00:00,1.04138,1.04182,1.04001,1.04073,9163
2025-02-27 18:00:00,1.04075,1.0418,1.0407,1.04172,7646
2025-02-27 19:00:00,1.04173,1.0418,1.0402,1.04049,8308
2025-02-27 20:00:00,1.04041,1.04085,1.04,1.04054,7887
2025-02-27 21:00:00,1.04052,1.04054,1.0395,1.03976,3825
2025-02-27 22:00:00,1.03976,1.0401,1.03871,1.0393,797
2025-02-27 23:00:00,1.03908,1.0401,1.03908,1.0394,1551
2025-02-28 00:00:00,1.03935,1.0403,1.0392,1.04021,2552
2025-02-28 01:00:00,1.0402,1.0404,1.0383,1.03847,3495
2025-02-28 02:00:00,1.03846,1.0392,1.038,1.03826,7409
2025-02-28 03:00:00,1.03827,1.039,1.038,1.03883,6508
2025-02-28 04:00:00,1.03883,1.0391,1.0385,1.03866,4669
2025-02-28 05:00:00,1.03868,1.03902,1.0383,1.03885,5204
2025-02-28 06:00:00,1.03886,1.039,1.0381,1.03871,6850
2025-02-28 07:00:00,1.03876,1.04007,1.0385,1.0396,8746
2025-02-28 08:00:00,1.03957,1.04043,1.0394,1.04014,8923
2025-02-28 09:00:00,1.04018,1.0408,1.03936,1.03952,9043
2025-02-28 10:00:00,1.03952,1.0406,1.0391,1.03993,7055
2025-02-28 11:00:00,1.03992,1.04013,1.0392,1.03987,6750
2025-02-28 12:00:00,1.0398,1.0408,1.0396,1.0407,7582
2025-02-28 13:00:00,1.04068,1.04163,1.04045,1.04069,11718
2025-02-28 14:00:00,1.04068,1.04143,1.04,1.04098,11785
2025-02-28 15:00:00,1.0408,1.04201,1.03934,1.04004,14149
2025-02-28 16:00:00,1.03999,1.0412,1.0397,1.04012,14169
2025-02-28 17:00:00,1.04015,1.04101,1.03898,1.0396,11084
2025-02-28 18:00:00,1.03951,1.03982,1.0362,1.0363,14012
2025-02-28 19:00:00,1.03634,1.0374,1.03589,1.03673,10724
2025-02-28 20:00:00,1.03677,1.03771,1.0361,1.03743,10152
2025-02-28 21:00:00,1.03744,1.0377,1.0368,1.03739,4124
2025-03-02 22:00:00,1.04017,1.04048,1.03985,1.04025,684
2025-03-02 23:00:00,1.0402,1.04207,1.03985,1.04117,2520
2025-03-03 00:00:00,1.04116,1.04198,1.0402,1.04091,3433
2025-03-03 01:00:00,1.04082,1.0423,1.04073,1.04193,3602
2025-03-03 02:00:00,1.04192,1.04235,1.0414,1.04196,5974
2025-03-03 03:00:00,1.04198,1.042,1.0409,1.0415,6258
2025-03-03 04:00:00,1.04169,1.0421,1.0415,1.0418,3717
2025-03-03 05:00:00,1.04172,1.042,1.0411,1.04143,4153
2025-03-03 06:00:00,1.04144,1.0417,1.0405,1.0408,6076
2025-03-03 07:00:00,1.04076,1.04103,1.0401,1.04056,8810
2025-03-03 08:00:00,1.0405,1.0407,1.03876,1.04008,10679
2025-03-03 09:00:00,1.04009,1.043,1.04002,1.04278,8479
2025-03-03 10:00:00,1.04275,1.04449,1.04257,1.04414,10848
2025-03-03 11:00:00,1.0442,1.0458,1.0439,1.04526,9943
2025-03-03 12:00:00,1.04523,1.04763,1.0452,1.04703,11798
2025-03-03 13:00:00,1.04706,1.04764,1.0458,1.0472,10126
2025-03-03 14:00:00,1.0472,1.04909,1.0468,1.04827,12136
2025-03-03 15:00:00,1.04822,1.0504,1.04734,1.04844,15450
2025-03-03 16:00:00,1.04843,1.05014,1.04833,1.04965,11741
2025-03-03 17:00:00,1.04957,1.0497,1.0485,1.04904,8524
2025-03-03 18:00:00,1.04896,1.05043,1.04817,1.04868,9320
2025-03-03 19:00:00,1.04867,1.04937,1.04715,1.04728,9365
2025-03-03 20:00:00,1.04727,1.04851,1.04658,1.0481,14086
2025-03-03 21:00:00,1.0481,1.0493,1.048,1.04874,4432
2025-03-03 22:00:00,1.04874,1.0489,1.0477,1.04849,735
2025-03-03 23:00:00,1.04849,1.0493,1.04762,1.04851,2061
2025-03-04 00:00:00,1.04848,1.04883,1.04762,1.0488,3317
2025-03-04 01:00:00,1.04878,1.04957,1.0482,1.04879,4123
2025-03-04 02:00:00,1.04881,1.04902,1.0479,1.04809,6930
2025-03-04 03:00:00,1.04808,1.0484,1.0474,1.04769,6665
2025-03-04 04:00:00,1.0477,1.04807,1.047,1.04778,5810
2025-03-04 05:00:00,1.04779,1.04864,1.04707,1.0483,8599
2025-03-04 06:00:00,1.04835,1.049,1.0478,1.0486,6819
2025-03-04 07:00:00,1.0486,1.0502,1.048,1.04926,11262
2025-03-04 08:00:00,1.04925,1.0524,1.0485,1.05185,14170
2025-03-04 09:00:00,1.05185,1.05276,1.0508,1.05123,10975
2025-03-04 10:00:00,1.05123,1.052,1.0502,1.05114,10475
2025-03-04 11:00:00,1.0511,1.05447,1.0509,1.05442,10165
2025-03-04 12:00:00,1.05443,1.0557,1.05355,1.05527,12639
2025-03-04 13:00:00,1.05526,1.056,1.05305,1.0539,14858
2025-03-04 14:00:00,1.05387,1.0549,1.052,1.05215,15832
2025-03-04 15:00:00,1.05215,1.05281,1.04963,1.05264,16018
2025-03-04 16:00:00,1.05263,1.05392,1.0514,1.05333,14739
2025-03-04 17:00:00,1.05338,1.05442,1.053,1.05414,13214
2025-03-04 18:00:00,1.05416,1.05911,1.0537,1.05906,14876
2025-03-04 19:00:00,1.05905,1.0602,1.0585,1.06008,12205
2025-03-04 20:00:00,1.06006,1.06239,1.06006,1.06085,12463
2025-03-04 21:00:00,1.06084,1.06271,1.0607,1.06248,7323
2025-03-04 22:00:00,1.06244,1.0626,1.0614,1.06179,1020
2025-03-04 23:00:00,1.0618,1.0637,1.06167,1.0623,2354
2025-03-05 00:00:00,1.06232,1.06272,1.0609,1.06208,3527
2025-03-05 01:00:00,1.06198,1.06268,1.06081,1.06124,5049
2025-03-05 02:00:00,1.06124,1.06165,1.0602,1.06038,8870
2025-03-05 03:00:00,1.06039,1.06203,1.0601,1.06181,8985
2025-03-05 04:00:00,1.06181,1.06259,1.0614,1.06188,5875
2025-03-05 05:00:00,1.06186,1.06324,1.0617,1.06312,5329
2025-03-05 06:00:00,1.06312,1.0639,1.0623,1.06325,7149
2025-03-05 07:00:00,1.06324,1.06766,1.06293,1.06746,13302
2025-03-05 08:00:00,1.06738,1.07,1.06587,1.0698,14991
2025-03-05 09:00:00,1.06974,1.07223,1.0694,1.07117,13816
2025-03-05 10:00:00,1.07118,1.0716,1.0683,1.06971,11134
2025-03-05 11:00:00,1.06971,1.06985,1.0675,1.06784,10393
2025-03-05 12:00:00,1.06782,1.0714,1.0678,1.06956,11989
2025-03-05 13:00:00,1.06958,1.0723,1.06859,1.07156,16009
2025-03-05 14:00:00,1.07144,1.07773,1.07133,1.07682,16579
2025-03-05 15:00:00,1.07591,1.07706,1.07408,1.07651,17372
2025-03-05 16:00:00,1.0765,1.0788,1.07601,1.07673,15566
2025-03-05 17:00:00,1.07672,1.0788,1.0762,1.07851,14178
2025-03-05 18:00:00,1.07844,1.07884,1.0763,1.07734,13756
2025-03-05 19:00:00,1.07737,1.0791,1.0769,1.079,10413
2025-03-05 20:00:00,1.07902,1.0797,1.0786,1.07918,8078
2025-03-05 21:00:00,1.07918,1.0794,1.0784,1.07879,4096
2025-03-05 22:00:00,1.07879,1.0794,1.07837,1.0791,805
2025-03-05 23:00:00,1.07893,1.0795,1.07866,1.07937,1746
2025-03-06 00:00:00,1.07938,1.0803,1.0786,1.07942,2971
2025-03-06 01:00:00,1.07942,1.0821,1.0788,1.08148,3707
2025-03-06 02:00:00,1.0815,1.08195,1.0797,1.08044,9274
2025-03-06 03:00:00,1.08052,1.08054,1.07878,1.0788,7216
2025-03-06 04:00:00,1.07894,1.08041,1.0783,1.08035,5717
2025-03-06 05:00:00,1.08035,1.0812,1.0799,1.08104,7176
2025-03-06 06:00:00,1.08102,1.082,1.0798,1.08028,9120
2025-03-06 07:00:00,1.08028,1.08223,1.0791,1.07987,13539
2025-03-06 08:00:00,1.07989,1.08169,1.07926,1.08012,16774
2025-03-06 09:00:00,1.07988,1.08068,1.0779,1.07977,14199
2025-03-06 10:00:00,1.07999,1.08033,1.07827,1.0792,11949
2025-03-06 11:00:00,1.07913,1.0801,1.0783,1.07989,9736
2025-03-06 12:00:00,1.07987,1.0807,1.07881,1.08001,9410
2025-03-06 13:00:00,1.08,1.08449,1.07879,1.08253,15769
2025-03-06 14:00:00,1.08261,1.0841,1.08114,1.08372,18463
2025-03-06 15:00:00,1.08362,1.08537,1.0811,1.08173,17822
2025-03-06 16:00:00,1.08172,1.08377,1.0815,1.08174,16194
2025-03-06 17:00:00,1.08175,1.08224,1.079,1.07969,13974
2025-03-06 18:00:00,1.07967,1.08019,1.07648,1.07839,12059
2025-03-06 19:00:00,1.07839,1.08116,1.0782,1.08012,10867
2025-03-06 20:00:00,1.08017,1.08035,1.0784,1.07865,9116
2025-03-06 21:00:00,1.07865,1.07905,1.0774,1.07844,4377
2025-03-06 22:00:00,1.07844,1.0792,1.07757,1.07869,455
2025-03-06 23:00:00,1.07855,1.0798,1.0783,1.07869,1704
2025-03-07 00:00:00,1.07868,1.07951,1.0786,1.07873,2784
2025-03-07 01:00:00,1.07873,1.0793,1.078,1.07887,3274
2025-03-07 02:00:00,1.07898,1.08,1.07841,1.07993,6647
2025-03-07 03:00:00,1.07993,1.08148,1.0796,1.08058,5718
2025-03-07 04:00:00,1.08056,1.08133,1.0802,1.08131,4363
2025-03-07 05:00:00,1.08132,1.0818,1.0806,1.0812,5441
2025-03-07 06:00:00,1.08133,1.08253,1.08077,1.0823,6978
2025-03-07 07:00:00,1.08229,1.0841,1.0819,1.08291,10596
2025-03-07 08:00:00,1.08295,1.0856,1.08257,1.08512,12279
2025-03-07 09:00:00,1.08508,1.08714,1.0844,1.086,11574
2025-03-07 10:00:00,1.08598,1.0868,1.0857,1.08606,9374
2025-03-07 11:00:00,1.08591,1.08601,1.0843,1.08495,9090
2025-03-07 12:00:00,1.08487,1.08572,1.0841,1.08546,10144
2025-03-07 13:00:00,1.08534,1.08887,1.08433,1.08456,16512
2025-03-07 14:00:00,1.0843,1.08822,1.0843,1.08538,17212
2025-03-07 15:00:00,1.08539,1.08861,1.08351,1.08695,16095
2025-03-07 16:00:00,1.08702,1.08728,1.08375,1.08587,12791
2025-03-07 17:00:00,1.08584,1.08645,1.0831,1.08433,13261
2025-03-07 18:00:00,1.08432,1.08444,1.08257,1.08397,11120
2025-03-07 19:00:00,1.08398,1.08442,1.0832,1.08423,9560
2025-03-07 20:00:00,1.08427,1.08491,1.0839,1.08474,7663
2025-03-07 21:00:00,1.0847,1.08513,1.08264,1.08264,3222
2025-03-09 21:00:00,1.08329,1.08382,1.08263,1.08366,150
2025-03-09 22:00:00,1.08376,1.08589,1.08376,1.08492,2360
2025-03-09 23:00:00,1.08494,1.08651,1.08484,1.08596,2304
2025-03-10 00:00:00,1.08595,1.0868,1.08524,1.08637,3226
2025-03-10 01:00:00,1.08639,1.0871,1.0852,1.08525,3676
2025-03-10 02:00:00,1.08525,1.0856,1.0835,1.08367,6753
2025-03-10 03:00:00,1.08371,1.08387,1.08298,1.08316,6002
2025-03-10 04:00:00,1.08317,1.08378,1.0829,1.08304,4304
2025-03-10 05:00:00,1.08303,1.08359,1.0827,1.0833,6128
2025-03-10 06:00:00,1.08352,1.0845,1.0833,1.08369,7571
2025-03-10 07:00:00,1.08378,1.08443,1.08106,1.08221,10688
2025-03-10 08:00:00,1.08228,1.08244,1.0805,1.08096,13913
2025-03-10 09:00:00,1.081,1.08567,1.08079,1.08513,13104
2025-03-10 10:00:00,1.08513,1.0876,1.08499,1.08611,11953
2025-03-10 11:00:00,1.08603,1.08647,1.08109,1.08504,12638
2025-03-10 12:00:00,1.08488,1.08602,1.084,1.08442,11725
2025-03-10 13:00:00,1.08426,1.0851,1.0832,1.08354,12075
2025-03-10 14:00:00,1.08348,1.08469,1.0831,1.08452,14325
2025-03-10 15:00:00,1.08453,1.08481,1.082,1.08368,13781
2025-03-10 16:00:00,1.08368,1.0842,1.0826,1.08306,11520
